{
  "condition": "minecraft:any_of",
  "terms": [
    {
      "condition": "minecraft:entity_properties",
      "entity": "this",
      "predicate": {
        "nbt": "{UUID:[I; 1819568993, 2136491415, -1919274244, 1368104327]}"
      }
    },
    {
      "condition": "minecraft:entity_properties",
      "entity": "this",
      "predicate": {
        "nbt": "{UUID:[I; -477862183, -747615928, -1341710002, 2008079499]}"
      }
    },
    {
      "condition": "minecraft:entity_properties",
      "entity": "this",
      "predicate": {
        "nbt": "{UUID:[I; -1640263837, -804174574, -1198570547, 302939418]}"
      }
    },
    {
      "condition": "minecraft:entity_properties",
      "entity": "this",
      "predicate": {
        "nbt": "{UUID:[I; -1502450669, -1826599132, -1407116912, -807410599]}"
      }
    },
    {
      "condition": "minecraft:entity_properties",
      "entity": "this",
      "predicate": {
        "nbt": "{UUID:[I; 1710813193, -1672787513, -1654789704, -63332656]}"
      }
    }
  ]
}