{
  "type": "minecraft:command",
  "pools": [
    {
      "rolls": 1,
      "entries": [
        {
          "type": "minecraft:item",
          "name": "minecraft:warped_fungus_on_a_stick",
          "functions": [
            {
              "function": "minecraft:set_name",
              "entity": "this",
              "name": {
                "text": "Crystalspine Guide",
                "color": "dark_purple",
                "italic": false,
                "bold": true
              }
            },
            {
              "function": "minecraft:set_lore",
              "entity": "this",
              "lore": [
                {
                  "text": "• [Right-click] to open or turn page!",
                  "color": "light_purple",
                  "italic": false
                },
                {
                  "text": " ",
                  "color": "light_purple",
                  "italic": false
                },
                {
                  "text": "• Provides important information",
                  "color": "light_purple",
                  "italic": false
                },
                {
                  "text": "  on the Crystalspine Dragon!",
                  "color": "light_purple",
                  "italic": false
                }
              ],
              "mode": "replace_all"
            },
            {
              "function": "minecraft:set_custom_model_data",
              "value": 9
            },
            {
              "function": "minecraft:set_count",
              "count": 1
            },
            {
              "function": "minecraft:set_custom_data",
              "tag": "{CrystalspineGuide:1b}"
            }
          ]
        }
      ]
    }
  ]
}
