{
  "type": "minecraft:command",
  "pools": [
    {
      "rolls": 1,
      "entries": [
        {
          "type": "minecraft:item",
          "name": "minecraft:warped_fungus_on_a_stick",
          "functions": [
            {
              "function": "minecraft:set_name",
              "entity": "this",
              "name": {
                "text": "Totem of Nutrition",
                "color": "gold",
                "italic": false,
                "bold": true
              }
            },
            {
              "function": "minecraft:set_lore",
              "entity": "this",
              "lore": [
                {
                  "text": "• Right-click to gain",
                  "color": "aqua",
                  "italic": false
                },
                {
                  "text": "  infinite saturation!",
                  "color": "aqua",
                  "italic": false
                }
              ],
              "mode": "replace_all"
            },
            {
              "function": "minecraft:set_custom_model_data",
              "value": 7
            },
            {
              "function": "minecraft:set_count",
              "count": 1
            },
            {
              "function": "minecraft:set_custom_data",
              "tag": "{TotemOfNutrition:1b}"
            }
          ]
        }
      ]
    }
  ]
}
